variant,result
1,Processing PDB 2LYZ chain A
Variants: ['R21G', 'D52N', 'W63Y', 'A95V', 'L129F']
Analyzing 5 variants:
  R21G: RSA = 0.637
  D52N: RSA = 0.153
  W63Y: RSA = 0.172
  A95V: RSA = 0.000
  L129F: RSA = 0.549
Lowest RSA variant: A95V (RSA = 0.000)
A95V
2,Processing PDB 1A3N chain A
Variants: ['K15R', 'D23N', 'F45Y', 'V89A', 'L156F']
Analyzing 5 variants:
  K15R: RSA = 0.655
  D23N: RSA = 0.552
  F45Y: RSA = 0.674
  V89A: RSA = 0.598
  L156F: Residue not found in DSSP data
Lowest RSA variant: D23N (RSA = 0.552)
D23N
3,Processing PDB 1UBq chain A
Variants: ['I3V', 'K6R', 'T14A', 'L43F', 'D58N']
Analyzing 5 variants:
  I3V: RSA = 0.000
  K6R: RSA = 0.502
  T14A: RSA = 0.437
  L43F: RSA = 0.000
  D58N: RSA = 0.552
Lowest RSA variant: I3V (RSA = 0.000)
I3V
4,Processing PDB 4HHB chain A
Variants: ['V1A', 'L15F', 'H45R', 'F85Y', 'A142V']
Analyzing 5 variants:
  V1A: RSA = 0.923
  L15F: RSA = 0.631
  H45R: RSA = 0.685
  F85Y: RSA = 0.429
  A142V: Residue not found in DSSP data
Lowest RSA variant: F85Y (RSA = 0.429)
F85Y
5,Processing PDB 1CRN chain A
Variants: ['T1A', 'Y5F', 'C16S', 'N27D', 'F45L']
Analyzing 5 variants:
  T1A: RSA = 0.528
  Y5F: RSA = 0.397
  C16S: RSA = 0.141
  N27D: RSA = 0.113
  F45L: RSA = 0.670
Lowest RSA variant: N27D (RSA = 0.113)
N27D
